profile,symbol,timeframe,strategy_id,net_pnl,total_return,max_drawdown,win_rate,profit_factor,trade_count,avg_trade,max_loss_trade,consecutive_losses,train_net_pnl,test_net_pnl,overfit_flag,params_json,params,balanced_score,pattern,rolling_windows,rolling_positive_windows,rolling_positive_rate,rolling_min_net_pnl,rolling_avg_net_pnl,robust_score
max_return,SP,1d,swing_reversal|both|1d|w3|sw0.008|br0.003|lb24|sl0.015|mh64|cd4|strict,50270.131630000054,5.914133132941183,-10595.189679999981,0.28125,3.6402701258282244,32,1570.9416134375017,-1021.2294499999891,7.0,41547.54138000004,8688.586250000013,False,"{""breakout_pct"": 0.003, ""cooldown_bars"": 4, ""max_hold_bars"": 64, ""min_swing_pct"": 0.008, ""news_weight"": 0.2, ""pattern"": ""swing_reversal"", ""range_lookback"": 24, ""risk_mode"": ""strict"", ""side"": ""both"", ""stop_loss_pct"": 0.015, ""swing_window"": 3, ""timeframe"": ""1d""}","{'breakout_pct': 0.003, 'cooldown_bars': 4, 'max_hold_bars': 64, 'min_swing_pct': 0.008, 'news_weight': 0.2, 'pattern': 'swing_reversal', 'range_lookback': 24, 'risk_mode': 'strict', 'side': 'both', 'stop_loss_pct': 0.015, 'swing_window': 3, 'timeframe': '1d'}",61985.319617000074,,,,,,,
max_return,SR,1d,tsmom_vol|both|1d|w3|sw0.006|br0.002|lb24|sl0.015|mh64|cd4|atr10|am3|ex12|mom48|vol48|th0.4|strict,39703.0424,4.6709461647058825,-8039.104100000011,0.4166666666666667,2.1887676983354587,72,551.4311444444444,-1690.7776999999983,5.0,38168.99489999999,1534.0475000000088,False,"{""atr_mult"": 3.0, ""atr_period"": 10, ""breakout_pct"": 0.002, ""cooldown_bars"": 4, ""exit_lookback"": 12, ""max_hold_bars"": 64, ""min_swing_pct"": 0.006, ""momentum_lookback"": 48, ""news_weight"": 0.2, ""pattern"": ""tsmom_vol"", ""range_lookback"": 24, ""risk_mode"": ""strict"", ""score_threshold"": 0.4, ""side"": ""both"", ""stop_loss_pct"": 0.015, ""swing_window"": 3, ""timeframe"": ""1d"", ""vol_lookback"": 48}","{'atr_mult': 3.0, 'atr_period': 10, 'breakout_pct': 0.002, 'cooldown_bars': 4, 'exit_lookback': 12, 'max_hold_bars': 64, 'min_swing_pct': 0.006, 'momentum_lookback': 48, 'news_weight': 0.2, 'pattern': 'tsmom_vol', 'range_lookback': 24, 'risk_mode': 'strict', 'score_threshold': 0.4, 'side': 'both', 'stop_loss_pct': 0.015, 'swing_window': 3, 'timeframe': '1d', 'vol_lookback': 48}",42732.093881666675,,,,,,,
max_return,CJ,1d,trend_failure|both|1d|w3|sw0.008|br0.003|lb24|sl0.015|mh32|cd4|signal,48234.188362500136,5.674610395588251,-19075.0,0.14754098360655737,2.09095519507186,61,790.7243993852481,-1326.8681624999963,10.0,42120.18203750009,6333.538150000037,False,"{""breakout_pct"": 0.003, ""cooldown_bars"": 4, ""max_hold_bars"": 32, ""min_swing_pct"": 0.008, ""news_weight"": 0.2, ""pattern"": ""trend_failure"", ""range_lookback"": 24, ""risk_mode"": ""signal"", ""side"": ""both"", ""stop_loss_pct"": 0.015, ""swing_window"": 3, ""timeframe"": ""1d""}","{'breakout_pct': 0.003, 'cooldown_bars': 4, 'max_hold_bars': 32, 'min_swing_pct': 0.008, 'news_weight': 0.2, 'pattern': 'trend_failure', 'range_lookback': 24, 'risk_mode': 'signal', 'side': 'both', 'stop_loss_pct': 0.015, 'swing_window': 3, 'timeframe': '1d'}",52312.343948155925,,,,,,,
max_return,UR,1d,failed_breakout|both|1d|w3|sw0.006|br0.003|lb32|sl0.015|mh32|cd4|strict,21397.21350600012,2.5173192360000143,-14792.841973999955,0.21568627450980393,1.670317884676873,51,419.5532060000024,-1645.8660499999928,16.0,21034.443896000095,362.76961000002143,False,"{""breakout_pct"": 0.003, ""cooldown_bars"": 4, ""max_hold_bars"": 32, ""min_swing_pct"": 0.006, ""news_weight"": 0.2, ""pattern"": ""failed_breakout"", ""range_lookback"": 32, ""risk_mode"": ""strict"", ""side"": ""both"", ""stop_loss_pct"": 0.015, ""swing_window"": 3, ""timeframe"": ""1d""}","{'breakout_pct': 0.003, 'cooldown_bars': 4, 'max_hold_bars': 32, 'min_swing_pct': 0.006, 'news_weight': 0.2, 'pattern': 'failed_breakout', 'range_lookback': 32, 'risk_mode': 'strict', 'side': 'both', 'stop_loss_pct': 0.015, 'swing_window': 3, 'timeframe': '1d'}",18597.2065634335,,,,,,,
max_return,FG,1d,donchian_atr|both|1d|w3|sw0.006|br0.0015|lb16|sl0.015|mh64|cd4|atr20|am3|ex8|mom48|vol48|th0.4|signal,51337.30949999998,6.039683470588233,-14956.608099999994,0.45161290322580644,2.0529221958891957,93,552.0140806451611,-3866.545700000002,5.0,39304.99429999999,11772.357199999997,False,"{""atr_mult"": 3.0, ""atr_period"": 20, ""breakout_pct"": 0.0015, ""cooldown_bars"": 4, ""exit_lookback"": 8, ""max_hold_bars"": 64, ""min_swing_pct"": 0.006, ""momentum_lookback"": 48, ""news_weight"": 0.2, ""pattern"": ""donchian_atr"", ""range_lookback"": 16, ""risk_mode"": ""signal"", ""score_threshold"": 0.4, ""side"": ""both"", ""stop_loss_pct"": 0.015, ""swing_window"": 3, ""timeframe"": ""1d"", ""vol_lookback"": 48}","{'atr_mult': 3.0, 'atr_period': 20, 'breakout_pct': 0.0015, 'cooldown_bars': 4, 'exit_lookback': 8, 'max_hold_bars': 64, 'min_swing_pct': 0.006, 'momentum_lookback': 48, 'news_weight': 0.2, 'pattern': 'donchian_atr', 'range_lookback': 16, 'risk_mode': 'signal', 'score_threshold': 0.4, 'side': 'both', 'stop_loss_pct': 0.015, 'swing_window': 3, 'timeframe': '1d', 'vol_lookback': 48}",67599.74214241932,,,,,,,
max_return,C,1d,trend_failure|both|1d|w3|sw0.004|br0.003|lb24|sl0.015|mh32|cd4|signal,22435.994354000093,2.6395287475294227,-5058.712285999987,0.34415584415584416,1.7536885809100107,154,145.68827502597463,-437.4385350000015,15.0,8290.946544000066,14186.96281000003,False,"{""breakout_pct"": 0.003, ""cooldown_bars"": 4, ""max_hold_bars"": 32, ""min_swing_pct"": 0.004, ""news_weight"": 0.2, ""pattern"": ""trend_failure"", ""range_lookback"": 24, ""risk_mode"": ""signal"", ""side"": ""both"", ""stop_loss_pct"": 0.015, ""swing_window"": 3, ""timeframe"": ""1d""}","{'breakout_pct': 0.003, 'cooldown_bars': 4, 'max_hold_bars': 32, 'min_swing_pct': 0.004, 'news_weight': 0.2, 'pattern': 'trend_failure', 'range_lookback': 24, 'risk_mode': 'signal', 'side': 'both', 'stop_loss_pct': 0.015, 'swing_window': 3, 'timeframe': '1d'}",44871.21394422482,,,,,,,
max_return,RB,1d,tsmom_vol|both|1d|w3|sw0.006|br0.002|lb24|sl0.015|mh64|cd4|atr10|am2|ex12|mom16|vol24|th0.4|strict,51082.21159999998,6.009671952941174,-9611.450400000009,0.44651162790697674,1.6784402762767578,215,237.59168186046503,-1706.6237999999983,7.0,50125.26219999999,956.949400000004,False,"{""atr_mult"": 2.0, ""atr_period"": 10, ""breakout_pct"": 0.002, ""cooldown_bars"": 4, ""exit_lookback"": 12, ""max_hold_bars"": 64, ""min_swing_pct"": 0.006, ""momentum_lookback"": 16, ""news_weight"": 0.2, ""pattern"": ""tsmom_vol"", ""range_lookback"": 24, ""risk_mode"": ""strict"", ""score_threshold"": 0.4, ""side"": ""both"", ""stop_loss_pct"": 0.015, ""swing_window"": 3, ""timeframe"": ""1d"", ""vol_lookback"": 24}","{'atr_mult': 2.0, 'atr_period': 10, 'breakout_pct': 0.002, 'cooldown_bars': 4, 'exit_lookback': 12, 'max_hold_bars': 64, 'min_swing_pct': 0.006, 'momentum_lookback': 16, 'news_weight': 0.2, 'pattern': 'tsmom_vol', 'range_lookback': 24, 'risk_mode': 'strict', 'score_threshold': 0.4, 'side': 'both', 'stop_loss_pct': 0.015, 'swing_window': 3, 'timeframe': '1d', 'vol_lookback': 24}",52948.976897209286,,,,,,,
max_return,RM,1d,swing_reversal|both|1d|w2|sw0.008|br0.0015|lb24|sl0.015|mh64|cd4|signal,19993.043525000077,2.3521227676470677,-15926.414489999963,0.15053763440860216,1.6581153186319126,93,214.97896263440944,-591.4432349999987,24.0,15551.908155000057,5094.256545000017,False,"{""breakout_pct"": 0.0015, ""cooldown_bars"": 4, ""max_hold_bars"": 64, ""min_swing_pct"": 0.008, ""news_weight"": 0.2, ""pattern"": ""swing_reversal"", ""range_lookback"": 24, ""risk_mode"": ""signal"", ""side"": ""both"", ""stop_loss_pct"": 0.015, ""swing_window"": 2, ""timeframe"": ""1d""}","{'breakout_pct': 0.0015, 'cooldown_bars': 4, 'max_hold_bars': 64, 'min_swing_pct': 0.008, 'news_weight': 0.2, 'pattern': 'swing_reversal', 'range_lookback': 24, 'risk_mode': 'signal', 'side': 'both', 'stop_loss_pct': 0.015, 'swing_window': 2, 'timeframe': '1d'}",23339.753163473233,,,,,,,
max_return,HC,1d,donchian_atr|both|1d|w3|sw0.006|br0.0015|lb16|sl0.015|mh24|cd4|atr14|am3.5|ex16|mom48|vol48|th0.4|signal,63378.5225,7.456296764705883,-10691.448999999993,0.5853658536585366,2.322113446987397,82,772.9088109756098,-5653.61925,4.0,48807.40075000001,13751.121749999998,False,"{""atr_mult"": 3.5, ""atr_period"": 14, ""breakout_pct"": 0.0015, ""cooldown_bars"": 4, ""exit_lookback"": 16, ""max_hold_bars"": 24, ""min_swing_pct"": 0.006, ""momentum_lookback"": 48, ""news_weight"": 0.2, ""pattern"": ""donchian_atr"", ""range_lookback"": 16, ""risk_mode"": ""signal"", ""score_threshold"": 0.4, ""side"": ""both"", ""stop_loss_pct"": 0.015, ""swing_window"": 3, ""timeframe"": ""1d"", ""vol_lookback"": 48}","{'atr_mult': 3.5, 'atr_period': 14, 'breakout_pct': 0.0015, 'cooldown_bars': 4, 'exit_lookback': 16, 'max_hold_bars': 24, 'min_swing_pct': 0.006, 'momentum_lookback': 48, 'news_weight': 0.2, 'pattern': 'donchian_atr', 'range_lookback': 16, 'risk_mode': 'signal', 'score_threshold': 0.4, 'side': 'both', 'stop_loss_pct': 0.015, 'swing_window': 3, 'timeframe': '1d', 'vol_lookback': 48}",85238.80773109756,,,,,,,
max_return,SA,1d,donchian_atr|both|1d|w3|sw0.006|br0.001|lb16|sl0.015|mh64|cd4|atr10|am2.5|ex12|mom48|vol48|th0.4|signal,85387.144,10.045546352941177,-19835.787000000004,0.45454545454545453,3.048487121628667,44,1940.616909090909,-6153.493,7.0,86103.48649999998,1148.96,False,"{""atr_mult"": 2.5, ""atr_period"": 10, ""breakout_pct"": 0.001, ""cooldown_bars"": 4, ""exit_lookback"": 12, ""max_hold_bars"": 64, ""min_swing_pct"": 0.006, ""momentum_lookback"": 48, ""news_weight"": 0.2, ""pattern"": ""donchian_atr"", ""range_lookback"": 16, ""risk_mode"": ""signal"", ""score_threshold"": 0.4, ""side"": ""both"", ""stop_loss_pct"": 0.015, ""swing_window"": 3, ""timeframe"": ""1d"", ""vol_lookback"": 48}","{'atr_mult': 2.5, 'atr_period': 10, 'breakout_pct': 0.001, 'cooldown_bars': 4, 'exit_lookback': 12, 'max_hold_bars': 64, 'min_swing_pct': 0.006, 'momentum_lookback': 48, 'news_weight': 0.2, 'pattern': 'donchian_atr', 'range_lookback': 16, 'risk_mode': 'signal', 'score_threshold': 0.4, 'side': 'both', 'stop_loss_pct': 0.015, 'swing_window': 3, 'timeframe': '1d', 'vol_lookback': 48}",84031.69491363637,,,,,,,
max_return,CS,1d,vol_breakout|both|1d|w3|sw0.006|br0.0015|lb32|sl0.015|mh64|cd4|atr10|am3|ex16|mom48|vol48|th0.75|strict,18628.5457,2.1915936117647057,-6810.856800000005,0.75,239.62406666111582,4,4657.136425,-78.0665,1.0,18628.5457,0.0,False,"{""atr_mult"": 3.0, ""atr_period"": 10, ""breakout_pct"": 0.0015, ""cooldown_bars"": 4, ""exit_lookback"": 16, ""max_hold_bars"": 64, ""min_swing_pct"": 0.006, ""momentum_lookback"": 48, ""news_weight"": 0.2, ""pattern"": ""vol_breakout"", ""range_lookback"": 32, ""risk_mode"": ""strict"", ""score_threshold"": 0.75, ""side"": ""both"", ""stop_loss_pct"": 0.015, ""swing_window"": 3, ""timeframe"": ""1d"", ""vol_lookback"": 48}","{'atr_mult': 3.0, 'atr_period': 10, 'breakout_pct': 0.0015, 'cooldown_bars': 4, 'exit_lookback': 16, 'max_hold_bars': 64, 'min_swing_pct': 0.006, 'momentum_lookback': 48, 'news_weight': 0.2, 'pattern': 'vol_breakout', 'range_lookback': 32, 'risk_mode': 'strict', 'score_threshold': 0.75, 'side': 'both', 'stop_loss_pct': 0.015, 'swing_window': 3, 'timeframe': '1d', 'vol_lookback': 48}",22619.745819999996,,,,,,,
max_winrate,SP,1d,carry_tsmom|both|1d|w3|sw0.006|br0.002|lb24|sl0.015|mh32|cd4|atr14|am2|ex12|mom48|vol48|th0.8|aggressive,1865.1122857142989,0.21942497478991752,-7744.309999999987,0.5714285714285714,1.1675560054476115,21,88.81487074829995,-2463.723142857139,5.0,-1256.4902857142715,3121.6025714285706,False,"{""atr_mult"": 2.0, ""atr_period"": 14, ""breakout_pct"": 0.002, ""cooldown_bars"": 4, ""exit_lookback"": 12, ""max_hold_bars"": 32, ""min_swing_pct"": 0.006, ""momentum_lookback"": 48, ""news_weight"": 0.2, ""pattern"": ""carry_tsmom"", ""range_lookback"": 24, ""risk_mode"": ""aggressive"", ""score_threshold"": 0.8, ""side"": ""both"", ""stop_loss_pct"": 0.015, ""swing_window"": 3, ""timeframe"": ""1d"", ""vol_lookback"": 48}","{'atr_mult': 2.0, 'atr_period': 14, 'breakout_pct': 0.002, 'cooldown_bars': 4, 'exit_lookback': 12, 'max_hold_bars': 32, 'min_swing_pct': 0.006, 'momentum_lookback': 48, 'news_weight': 0.2, 'pattern': 'carry_tsmom', 'range_lookback': 24, 'risk_mode': 'aggressive', 'score_threshold': 0.8, 'side': 'both', 'stop_loss_pct': 0.015, 'swing_window': 3, 'timeframe': '1d', 'vol_lookback': 48}",8694.150500000014,,,,,,,
max_winrate,SR,1d,tsmom_vol|both|1d|w3|sw0.006|br0.002|lb24|sl0.015|mh64|cd4|atr10|am3.5|ex12|mom24|vol48|th1|strict,25542.298900000005,3.004976341176471,-7580.170450000005,0.5652173913043478,3.2903073836392625,23,1110.534734782609,-1656.9259000000036,3.0,16125.426800000001,9416.8721,False,"{""atr_mult"": 3.5, ""atr_period"": 10, ""breakout_pct"": 0.002, ""cooldown_bars"": 4, ""exit_lookback"": 12, ""max_hold_bars"": 64, ""min_swing_pct"": 0.006, ""momentum_lookback"": 24, ""news_weight"": 0.2, ""pattern"": ""tsmom_vol"", ""range_lookback"": 24, ""risk_mode"": ""strict"", ""score_threshold"": 1.0, ""side"": ""both"", ""stop_loss_pct"": 0.015, ""swing_window"": 3, ""timeframe"": ""1d"", ""vol_lookback"": 48}","{'atr_mult': 3.5, 'atr_period': 10, 'breakout_pct': 0.002, 'cooldown_bars': 4, 'exit_lookback': 12, 'max_hold_bars': 64, 'min_swing_pct': 0.006, 'momentum_lookback': 24, 'news_weight': 0.2, 'pattern': 'tsmom_vol', 'range_lookback': 24, 'risk_mode': 'strict', 'score_threshold': 1.0, 'side': 'both', 'stop_loss_pct': 0.015, 'swing_window': 3, 'timeframe': '1d', 'vol_lookback': 48}",41818.895218586964,,,,,,,
max_winrate,CJ,15m,trend_failure|both|15m|w3|sw0.004|br0.003|lb24|sl0.015|mh32|cd4|signal,4185.247532500011,0.4923820626470602,-2556.9362124999934,0.65,2.427844416436799,20,209.26237662500057,-667.148754999992,3.0,2258.257532500012,2076.975,False,"{""breakout_pct"": 0.003, ""cooldown_bars"": 4, ""max_hold_bars"": 32, ""min_swing_pct"": 0.004, ""news_weight"": 0.2, ""pattern"": ""trend_failure"", ""range_lookback"": 24, ""risk_mode"": ""signal"", ""side"": ""both"", ""stop_loss_pct"": 0.015, ""swing_window"": 3, ""timeframe"": ""15m""}","{'breakout_pct': 0.003, 'cooldown_bars': 4, 'max_hold_bars': 32, 'min_swing_pct': 0.004, 'news_weight': 0.2, 'pattern': 'trend_failure', 'range_lookback': 24, 'risk_mode': 'signal', 'side': 'both', 'stop_loss_pct': 0.015, 'swing_window': 3, 'timeframe': '15m'}",11930.782358125012,,,,,,,
max_winrate,UR,15m,breakout|both|15m|w3|sw0.006|br0.0015|lb16|sl0.015|mh32|cd4|strict,6069.304830000001,0.7140358623529413,-1888.133170000001,0.6363636363636364,2.862810967266365,22,275.8774922727273,-590.1193599999988,2.0,2918.656830000001,2434.4139999999998,False,"{""breakout_pct"": 0.0015, ""cooldown_bars"": 4, ""max_hold_bars"": 32, ""min_swing_pct"": 0.006, ""news_weight"": 0.2, ""pattern"": ""breakout"", ""range_lookback"": 16, ""risk_mode"": ""strict"", ""side"": ""both"", ""stop_loss_pct"": 0.015, ""swing_window"": 3, ""timeframe"": ""15m""}","{'breakout_pct': 0.0015, 'cooldown_bars': 4, 'max_hold_bars': 32, 'min_swing_pct': 0.006, 'news_weight': 0.2, 'pattern': 'breakout', 'range_lookback': 16, 'risk_mode': 'strict', 'side': 'both', 'stop_loss_pct': 0.015, 'swing_window': 3, 'timeframe': '15m'}",14469.170129590908,,,,,,,
max_winrate,FG,30m,tsmom_vol|both|30m|w3|sw0.006|br0.002|lb24|sl0.015|mh32|cd4|atr14|am3|ex12|mom48|vol24|th0.8|strict,2073.043571428573,0.24388747899159685,-1319.8752857142827,0.6521739130434783,1.8383405377340938,23,90.13232919254666,-475.01842857142793,2.0,1687.600714285716,301.148714285713,False,"{""atr_mult"": 3.0, ""atr_period"": 14, ""breakout_pct"": 0.002, ""cooldown_bars"": 4, ""exit_lookback"": 12, ""max_hold_bars"": 32, ""min_swing_pct"": 0.006, ""momentum_lookback"": 48, ""news_weight"": 0.2, ""pattern"": ""tsmom_vol"", ""range_lookback"": 24, ""risk_mode"": ""strict"", ""score_threshold"": 0.8, ""side"": ""both"", ""stop_loss_pct"": 0.015, ""swing_window"": 3, ""timeframe"": ""30m"", ""vol_lookback"": 24}","{'atr_mult': 3.0, 'atr_period': 14, 'breakout_pct': 0.002, 'cooldown_bars': 4, 'exit_lookback': 12, 'max_hold_bars': 32, 'min_swing_pct': 0.006, 'momentum_lookback': 48, 'news_weight': 0.2, 'pattern': 'tsmom_vol', 'range_lookback': 24, 'risk_mode': 'strict', 'score_threshold': 0.8, 'side': 'both', 'stop_loss_pct': 0.015, 'swing_window': 3, 'timeframe': '30m', 'vol_lookback': 24}",7606.288553726709,,,,,,,
max_winrate,C,60m,breakout|both|60m|w3|sw0.006|br0.0015|lb16|sl0.015|mh32|cd4|signal,892.2575200000006,0.10497147294117654,-985.1157650000014,0.6086956521739131,1.4027071658948358,23,38.79380521739133,-355.3026949999984,2.0,496.4425200000005,605.836,False,"{""breakout_pct"": 0.0015, ""cooldown_bars"": 4, ""max_hold_bars"": 32, ""min_swing_pct"": 0.006, ""news_weight"": 0.2, ""pattern"": ""breakout"", ""range_lookback"": 16, ""risk_mode"": ""signal"", ""side"": ""both"", ""stop_loss_pct"": 0.015, ""swing_window"": 3, ""timeframe"": ""60m""}","{'breakout_pct': 0.0015, 'cooldown_bars': 4, 'max_hold_bars': 32, 'min_swing_pct': 0.006, 'news_weight': 0.2, 'pattern': 'breakout', 'range_lookback': 16, 'risk_mode': 'signal', 'side': 'both', 'stop_loss_pct': 0.015, 'swing_window': 3, 'timeframe': '60m'}",6630.134045728261,,,,,,,
max_winrate,RB,1d,vol_breakout|both|1d|w3|sw0.006|br0.003|lb16|sl0.015|mh32|cd4|atr10|am2|ex8|mom48|vol48|th0.75|strict,19351.449199999995,2.2766410823529406,-4274.036999999997,0.6071428571428571,3.7762598807006356,28,691.1231857142856,-1177.802600000001,3.0,18540.471799999996,810.9773999999991,False,"{""atr_mult"": 2.0, ""atr_period"": 10, ""breakout_pct"": 0.003, ""cooldown_bars"": 4, ""exit_lookback"": 8, ""max_hold_bars"": 32, ""min_swing_pct"": 0.006, ""momentum_lookback"": 48, ""news_weight"": 0.2, ""pattern"": ""vol_breakout"", ""range_lookback"": 16, ""risk_mode"": ""strict"", ""score_threshold"": 0.75, ""side"": ""both"", ""stop_loss_pct"": 0.015, ""swing_window"": 3, ""timeframe"": ""1d"", ""vol_lookback"": 48}","{'atr_mult': 2.0, 'atr_period': 10, 'breakout_pct': 0.003, 'cooldown_bars': 4, 'exit_lookback': 8, 'max_hold_bars': 32, 'min_swing_pct': 0.006, 'momentum_lookback': 48, 'news_weight': 0.2, 'pattern': 'vol_breakout', 'range_lookback': 16, 'risk_mode': 'strict', 'score_threshold': 0.75, 'side': 'both', 'stop_loss_pct': 0.015, 'swing_window': 3, 'timeframe': '1d', 'vol_lookback': 48}",24232.71663571428,,,,,,,
max_winrate,RM,30m,donchian_atr|both|30m|w3|sw0.006|br0.0015|lb16|sl0.015|mh24|cd4|atr20|am3.5|ex16|mom48|vol48|th0.4|signal,3943.6044499999957,0.46395346470588184,-1266.8590750000021,0.75,2.9981633952241693,24,164.31685208333315,-871.7830750000019,2.0,3206.644224999993,596.9742250000028,False,"{""atr_mult"": 3.5, ""atr_period"": 20, ""breakout_pct"": 0.0015, ""cooldown_bars"": 4, ""exit_lookback"": 16, ""max_hold_bars"": 24, ""min_swing_pct"": 0.006, ""momentum_lookback"": 48, ""news_weight"": 0.2, ""pattern"": ""donchian_atr"", ""range_lookback"": 16, ""risk_mode"": ""signal"", ""score_threshold"": 0.4, ""side"": ""both"", ""stop_loss_pct"": 0.015, ""swing_window"": 3, ""timeframe"": ""30m"", ""vol_lookback"": 48}","{'atr_mult': 3.5, 'atr_period': 20, 'breakout_pct': 0.0015, 'cooldown_bars': 4, 'exit_lookback': 16, 'max_hold_bars': 24, 'min_swing_pct': 0.006, 'momentum_lookback': 48, 'news_weight': 0.2, 'pattern': 'donchian_atr', 'range_lookback': 16, 'risk_mode': 'signal', 'score_threshold': 0.4, 'side': 'both', 'stop_loss_pct': 0.015, 'swing_window': 3, 'timeframe': '30m', 'vol_lookback': 48}",10770.665111249999,,,,,,,
max_winrate,HC,1d,donchian_atr|both|1d|w3|sw0.006|br0.001|lb24|sl0.015|mh24|cd4|atr10|am3.5|ex24|mom48|vol48|th0.4|strict,22497.71745,2.646790288235294,-3444.3385000000017,0.7307692307692307,4.549425863137953,26,865.296825,-1311.38125,1.0,13967.043149999998,8530.6743,False,"{""atr_mult"": 3.5, ""atr_period"": 10, ""breakout_pct"": 0.001, ""cooldown_bars"": 4, ""exit_lookback"": 24, ""max_hold_bars"": 24, ""min_swing_pct"": 0.006, ""momentum_lookback"": 48, ""news_weight"": 0.2, ""pattern"": ""donchian_atr"", ""range_lookback"": 24, ""risk_mode"": ""strict"", ""score_threshold"": 0.4, ""side"": ""both"", ""stop_loss_pct"": 0.015, ""swing_window"": 3, ""timeframe"": ""1d"", ""vol_lookback"": 48}","{'atr_mult': 3.5, 'atr_period': 10, 'breakout_pct': 0.001, 'cooldown_bars': 4, 'exit_lookback': 24, 'max_hold_bars': 24, 'min_swing_pct': 0.006, 'momentum_lookback': 48, 'news_weight': 0.2, 'pattern': 'donchian_atr', 'range_lookback': 24, 'risk_mode': 'strict', 'score_threshold': 0.4, 'side': 'both', 'stop_loss_pct': 0.015, 'swing_window': 3, 'timeframe': '1d', 'vol_lookback': 48}",40299.748886538466,,,,,,,
max_winrate,SA,60m,donchian_atr|both|60m|w3|sw0.006|br0.0015|lb16|sl0.015|mh64|cd4|atr10|am2.5|ex8|mom48|vol48|th0.4|strict,5161.9225,0.607285,-1489.8140000000003,0.7272727272727273,3.6407410249523586,22,234.6328409090909,-782.432,1.0,3333.802,2930.5845,False,"{""atr_mult"": 2.5, ""atr_period"": 10, ""breakout_pct"": 0.0015, ""cooldown_bars"": 4, ""exit_lookback"": 8, ""max_hold_bars"": 64, ""min_swing_pct"": 0.006, ""momentum_lookback"": 48, ""news_weight"": 0.2, ""pattern"": ""donchian_atr"", ""range_lookback"": 16, ""risk_mode"": ""strict"", ""score_threshold"": 0.4, ""side"": ""both"", ""stop_loss_pct"": 0.015, ""swing_window"": 3, ""timeframe"": ""60m"", ""vol_lookback"": 48}","{'atr_mult': 2.5, 'atr_period': 10, 'breakout_pct': 0.0015, 'cooldown_bars': 4, 'exit_lookback': 8, 'max_hold_bars': 64, 'min_swing_pct': 0.006, 'momentum_lookback': 48, 'news_weight': 0.2, 'pattern': 'donchian_atr', 'range_lookback': 16, 'risk_mode': 'strict', 'score_threshold': 0.4, 'side': 'both', 'stop_loss_pct': 0.015, 'swing_window': 3, 'timeframe': '60m', 'vol_lookback': 48}",15218.182531818182,,,,,,,
max_winrate,CS,30m,tsmom_vol|both|30m|w3|sw0.006|br0.002|lb24|sl0.015|mh32|cd4|atr14|am3.5|ex12|mom48|vol24|th1|strict,1306.1090000000002,0.1536598823529412,-1226.4982500000024,0.65,1.8771966704232086,20,65.30545000000001,-477.7685,2.0,327.00374999999997,259.08525,False,"{""atr_mult"": 3.5, ""atr_period"": 14, ""breakout_pct"": 0.002, ""cooldown_bars"": 4, ""exit_lookback"": 12, ""max_hold_bars"": 32, ""min_swing_pct"": 0.006, ""momentum_lookback"": 48, ""news_weight"": 0.2, ""pattern"": ""tsmom_vol"", ""range_lookback"": 24, ""risk_mode"": ""strict"", ""score_threshold"": 1.0, ""side"": ""both"", ""stop_loss_pct"": 0.015, ""swing_window"": 3, ""timeframe"": ""30m"", ""vol_lookback"": 24}","{'atr_mult': 3.5, 'atr_period': 14, 'breakout_pct': 0.002, 'cooldown_bars': 4, 'exit_lookback': 12, 'max_hold_bars': 32, 'min_swing_pct': 0.006, 'momentum_lookback': 48, 'news_weight': 0.2, 'pattern': 'tsmom_vol', 'range_lookback': 24, 'risk_mode': 'strict', 'score_threshold': 1.0, 'side': 'both', 'stop_loss_pct': 0.015, 'swing_window': 3, 'timeframe': '30m', 'vol_lookback': 24}",6790.4624875,,,,,,,
balanced,SP,1d,breakout|both|1d|w3|sw0.006|br0.0015|lb16|sl0.015|mh32|cd4|strict,49457.0214100001,5.818473107058836,-8321.001539999983,0.26666666666666666,2.336241196220762,60,824.2836901666684,-1023.645689999996,8.0,40004.85656000007,4227.32335000003,False,"{""breakout_pct"": 0.0015, ""cooldown_bars"": 4, ""max_hold_bars"": 32, ""min_swing_pct"": 0.006, ""news_weight"": 0.2, ""pattern"": ""breakout"", ""range_lookback"": 16, ""risk_mode"": ""strict"", ""side"": ""both"", ""stop_loss_pct"": 0.015, ""swing_window"": 3, ""timeframe"": ""1d""}","{'breakout_pct': 0.0015, 'cooldown_bars': 4, 'max_hold_bars': 32, 'min_swing_pct': 0.006, 'news_weight': 0.2, 'pattern': 'breakout', 'range_lookback': 16, 'risk_mode': 'strict', 'side': 'both', 'stop_loss_pct': 0.015, 'swing_window': 3, 'timeframe': '1d'}",55152.32256266682,,,,,,,
balanced,SR,1d,tsmom_vol|both|1d|w3|sw0.006|br0.002|lb24|sl0.015|mh32|cd4|atr14|am3|ex12|mom48|vol24|th0.3|strict,34301.003428571414,4.035412168067225,-5541.272571428573,0.43529411764705883,2.01369368277548,85,403.5412168067225,-1702.4415714285694,4.0,23478.316071428566,10822.687357142851,False,"{""atr_mult"": 3.0, ""atr_period"": 14, ""breakout_pct"": 0.002, ""cooldown_bars"": 4, ""exit_lookback"": 12, ""max_hold_bars"": 32, ""min_swing_pct"": 0.006, ""momentum_lookback"": 48, ""news_weight"": 0.2, ""pattern"": ""tsmom_vol"", ""range_lookback"": 24, ""risk_mode"": ""strict"", ""score_threshold"": 0.3, ""side"": ""both"", ""stop_loss_pct"": 0.015, ""swing_window"": 3, ""timeframe"": ""1d"", ""vol_lookback"": 24}","{'atr_mult': 3.0, 'atr_period': 14, 'breakout_pct': 0.002, 'cooldown_bars': 4, 'exit_lookback': 12, 'max_hold_bars': 32, 'min_swing_pct': 0.006, 'momentum_lookback': 48, 'news_weight': 0.2, 'pattern': 'tsmom_vol', 'range_lookback': 24, 'risk_mode': 'strict', 'score_threshold': 0.3, 'side': 'both', 'stop_loss_pct': 0.015, 'swing_window': 3, 'timeframe': '1d', 'vol_lookback': 24}",52295.5890642857,,,,,,,
balanced,CJ,1d,failed_breakout|short|1d|w3|sw0.006|br0.003|lb16|sl0.015|mh32|cd4|strict,18187.27185250012,2.139679041470602,-5618.610244999973,0.41935483870967744,1.9764380177673215,31,586.6861887903264,-1699.4344599999913,4.0,6451.5746825000715,11735.697170000045,False,"{""breakout_pct"": 0.003, ""cooldown_bars"": 4, ""max_hold_bars"": 32, ""min_swing_pct"": 0.006, ""news_weight"": 0.2, ""pattern"": ""failed_breakout"", ""range_lookback"": 16, ""risk_mode"": ""strict"", ""side"": ""short"", ""stop_loss_pct"": 0.015, ""swing_window"": 3, ""timeframe"": ""1d""}","{'breakout_pct': 0.003, 'cooldown_bars': 4, 'max_hold_bars': 32, 'min_swing_pct': 0.006, 'news_weight': 0.2, 'pattern': 'failed_breakout', 'range_lookback': 16, 'risk_mode': 'strict', 'side': 'short', 'stop_loss_pct': 0.015, 'swing_window': 3, 'timeframe': '1d'}",37388.82015078245,,,,,,,
balanced,UR,30m,tsmom_vol|both|30m|w3|sw0.006|br0.002|lb24|sl0.015|mh48|cd4|atr10|am2.5|ex12|mom24|vol24|th0.4|strict,6463.107,0.7603655294117647,-2617.3740000000053,0.45652173913043476,2.2297093468445004,46,140.50232608695651,-558.6825,7.0,205.5075000000004,6177.599499999999,False,"{""atr_mult"": 2.5, ""atr_period"": 10, ""breakout_pct"": 0.002, ""cooldown_bars"": 4, ""exit_lookback"": 12, ""max_hold_bars"": 48, ""min_swing_pct"": 0.006, ""momentum_lookback"": 24, ""news_weight"": 0.2, ""pattern"": ""tsmom_vol"", ""range_lookback"": 24, ""risk_mode"": ""strict"", ""score_threshold"": 0.4, ""side"": ""both"", ""stop_loss_pct"": 0.015, ""swing_window"": 3, ""timeframe"": ""30m"", ""vol_lookback"": 24}","{'atr_mult': 2.5, 'atr_period': 10, 'breakout_pct': 0.002, 'cooldown_bars': 4, 'exit_lookback': 12, 'max_hold_bars': 48, 'min_swing_pct': 0.006, 'momentum_lookback': 24, 'news_weight': 0.2, 'pattern': 'tsmom_vol', 'range_lookback': 24, 'risk_mode': 'strict', 'score_threshold': 0.4, 'side': 'both', 'stop_loss_pct': 0.015, 'swing_window': 3, 'timeframe': '30m', 'vol_lookback': 24}",18693.860132608694,,,,,,,
balanced,FG,1d,failed_breakout|short|1d|w3|sw0.006|br0.0015|lb16|sl0.015|mh32|cd4|aggressive,27719.012819999876,3.2610603317646913,-6669.094453000025,0.2803738317757009,1.7196330626071608,107,259.0561945794381,-2843.2360530000033,11.0,15932.353151999912,11786.659667999958,False,"{""breakout_pct"": 0.0015, ""cooldown_bars"": 4, ""max_hold_bars"": 32, ""min_swing_pct"": 0.006, ""news_weight"": 0.2, ""pattern"": ""failed_breakout"", ""range_lookback"": 16, ""risk_mode"": ""aggressive"", ""side"": ""short"", ""stop_loss_pct"": 0.015, ""swing_window"": 3, ""timeframe"": ""1d""}","{'breakout_pct': 0.0015, 'cooldown_bars': 4, 'max_hold_bars': 32, 'min_swing_pct': 0.006, 'news_weight': 0.2, 'pattern': 'failed_breakout', 'range_lookback': 16, 'risk_mode': 'aggressive', 'side': 'short', 'stop_loss_pct': 0.015, 'swing_window': 3, 'timeframe': '1d'}",45447.996833543264,,,,,,,
balanced,C,1d,trend_failure|both|1d|w3|sw0.004|br0.003|lb24|sl0.015|mh32|cd4|aggressive,22435.994354000093,2.6395287475294227,-5058.712285999987,0.34415584415584416,1.7536885809100107,154,145.68827502597463,-437.4385350000015,15.0,8290.946544000066,14186.96281000003,False,"{""breakout_pct"": 0.003, ""cooldown_bars"": 4, ""max_hold_bars"": 32, ""min_swing_pct"": 0.004, ""news_weight"": 0.2, ""pattern"": ""trend_failure"", ""range_lookback"": 24, ""risk_mode"": ""aggressive"", ""side"": ""both"", ""stop_loss_pct"": 0.015, ""swing_window"": 3, ""timeframe"": ""1d""}","{'breakout_pct': 0.003, 'cooldown_bars': 4, 'max_hold_bars': 32, 'min_swing_pct': 0.004, 'news_weight': 0.2, 'pattern': 'trend_failure', 'range_lookback': 24, 'risk_mode': 'aggressive', 'side': 'both', 'stop_loss_pct': 0.015, 'swing_window': 3, 'timeframe': '1d'}",44871.21394422482,,,,,,,
balanced,RB,1d,trend_failure|short|1d|w2|sw0.008|br0.003|lb24|sl0.015|mh32|cd4|strict,45192.113805000125,5.316719271176486,-7755.477569999974,0.37681159420289856,2.869642933947766,69,654.9581710869584,-731.7006849999949,6.0,41394.008510000065,3798.1052950000735,False,"{""breakout_pct"": 0.003, ""cooldown_bars"": 4, ""max_hold_bars"": 32, ""min_swing_pct"": 0.008, ""news_weight"": 0.2, ""pattern"": ""trend_failure"", ""range_lookback"": 24, ""risk_mode"": ""strict"", ""side"": ""short"", ""stop_loss_pct"": 0.015, ""swing_window"": 2, ""timeframe"": ""1d""}","{'breakout_pct': 0.003, 'cooldown_bars': 4, 'max_hold_bars': 32, 'min_swing_pct': 0.008, 'news_weight': 0.2, 'pattern': 'trend_failure', 'range_lookback': 24, 'risk_mode': 'strict', 'side': 'short', 'stop_loss_pct': 0.015, 'swing_window': 2, 'timeframe': '1d'}",51377.753148724885,,,,,,,
balanced,RM,1d,failed_breakout|long|1d|w3|sw0.006|br0.003|lb16|sl0.015|mh64|cd4|aggressive,13960.163792999994,1.6423722109411758,-4581.2282630000045,0.32894736842105265,1.5484364119586678,76,183.68636569736836,-1358.0865389999979,7.0,11871.850977,3431.766094999993,False,"{""breakout_pct"": 0.003, ""cooldown_bars"": 4, ""max_hold_bars"": 64, ""min_swing_pct"": 0.006, ""news_weight"": 0.2, ""pattern"": ""failed_breakout"", ""range_lookback"": 16, ""risk_mode"": ""aggressive"", ""side"": ""long"", ""stop_loss_pct"": 0.015, ""swing_window"": 3, ""timeframe"": ""1d""}","{'breakout_pct': 0.003, 'cooldown_bars': 4, 'max_hold_bars': 64, 'min_swing_pct': 0.006, 'news_weight': 0.2, 'pattern': 'failed_breakout', 'range_lookback': 16, 'risk_mode': 'aggressive', 'side': 'long', 'stop_loss_pct': 0.015, 'swing_window': 3, 'timeframe': '1d'}",20300.43567502893,,,,,,,
balanced,HC,1d,tsmom_vol|both|1d|w3|sw0.006|br0.002|lb24|sl0.015|mh64|cd4|atr14|am2|ex12|mom24|vol24|th0.4|strict,39134.984000000004,4.604115764705883,-5628.106714285714,0.45901639344262296,2.1527074381923534,122,320.7785573770492,-1699.586857142856,5.0,30724.49042857142,9012.205714285703,False,"{""atr_mult"": 2.0, ""atr_period"": 14, ""breakout_pct"": 0.002, ""cooldown_bars"": 4, ""exit_lookback"": 12, ""max_hold_bars"": 64, ""min_swing_pct"": 0.006, ""momentum_lookback"": 24, ""news_weight"": 0.2, ""pattern"": ""tsmom_vol"", ""range_lookback"": 24, ""risk_mode"": ""strict"", ""score_threshold"": 0.4, ""side"": ""both"", ""stop_loss_pct"": 0.015, ""swing_window"": 3, ""timeframe"": ""1d"", ""vol_lookback"": 24}","{'atr_mult': 2.0, 'atr_period': 14, 'breakout_pct': 0.002, 'cooldown_bars': 4, 'exit_lookback': 12, 'max_hold_bars': 64, 'min_swing_pct': 0.006, 'momentum_lookback': 24, 'news_weight': 0.2, 'pattern': 'tsmom_vol', 'range_lookback': 24, 'risk_mode': 'strict', 'score_threshold': 0.4, 'side': 'both', 'stop_loss_pct': 0.015, 'swing_window': 3, 'timeframe': '1d', 'vol_lookback': 24}",54585.09456569085,,,,,,,
balanced,SA,1d,failed_breakout|long|1d|w3|sw0.006|br0.0015|lb32|sl0.015|mh32|cd4|aggressive,27284.11802200005,3.209896237882359,-8461.11377099999,0.25,2.122000173648724,44,620.093591409092,-2574.5850069999947,6.0,14852.379937000043,13612.334778000004,False,"{""breakout_pct"": 0.0015, ""cooldown_bars"": 4, ""max_hold_bars"": 32, ""min_swing_pct"": 0.006, ""news_weight"": 0.2, ""pattern"": ""failed_breakout"", ""range_lookback"": 32, ""risk_mode"": ""aggressive"", ""side"": ""long"", ""stop_loss_pct"": 0.015, ""swing_window"": 3, ""timeframe"": ""1d""}","{'breakout_pct': 0.0015, 'cooldown_bars': 4, 'max_hold_bars': 32, 'min_swing_pct': 0.006, 'news_weight': 0.2, 'pattern': 'failed_breakout', 'range_lookback': 32, 'risk_mode': 'aggressive', 'side': 'long', 'stop_loss_pct': 0.015, 'swing_window': 3, 'timeframe': '1d'}",46866.23036915006,,,,,,,
balanced,CS,1d,failed_breakout|both|1d|w3|sw0.006|br0.003|lb16|sl0.015|mh32|cd4|strict,15706.950093000072,1.8478764815294202,-3421.405030999982,0.3448275862068966,1.7374977332724857,87,180.53965624138013,-878.1055049999989,7.0,14251.836300000054,18.016793000020954,False,"{""breakout_pct"": 0.003, ""cooldown_bars"": 4, ""max_hold_bars"": 32, ""min_swing_pct"": 0.006, ""news_weight"": 0.2, ""pattern"": ""failed_breakout"", ""range_lookback"": 16, ""risk_mode"": ""strict"", ""side"": ""both"", ""stop_loss_pct"": 0.015, ""swing_window"": 3, ""timeframe"": ""1d""}","{'breakout_pct': 0.003, 'cooldown_bars': 4, 'max_hold_bars': 32, 'min_swing_pct': 0.006, 'news_weight': 0.2, 'pattern': 'failed_breakout', 'range_lookback': 16, 'risk_mode': 'strict', 'side': 'both', 'stop_loss_pct': 0.015, 'swing_window': 3, 'timeframe': '1d'}",17467.518004408732,,,,,,,
capital_safe,SP,1d,breakout|both|1d|w3|sw0.006|br0.0015|lb16|sl0.015|mh32|cd4|strict,49457.0214100001,5.818473107058836,-8321.001539999983,0.26666666666666666,2.336241196220762,60,824.2836901666684,-1023.645689999996,8.0,40004.85656000007,4227.32335000003,False,"{""breakout_pct"": 0.0015, ""cooldown_bars"": 4, ""max_hold_bars"": 32, ""min_swing_pct"": 0.006, ""news_weight"": 0.2, ""pattern"": ""breakout"", ""range_lookback"": 16, ""risk_mode"": ""strict"", ""side"": ""both"", ""stop_loss_pct"": 0.015, ""swing_window"": 3, ""timeframe"": ""1d""}","{'breakout_pct': 0.0015, 'cooldown_bars': 4, 'max_hold_bars': 32, 'min_swing_pct': 0.006, 'news_weight': 0.2, 'pattern': 'breakout', 'range_lookback': 16, 'risk_mode': 'strict', 'side': 'both', 'stop_loss_pct': 0.015, 'swing_window': 3, 'timeframe': '1d'}",55152.32256266682,,,,,,,
capital_safe,SR,1d,tsmom_vol|both|1d|w3|sw0.006|br0.002|lb24|sl0.015|mh32|cd4|atr14|am3|ex12|mom48|vol24|th0.3|strict,34301.003428571414,4.035412168067225,-5541.272571428573,0.43529411764705883,2.01369368277548,85,403.5412168067225,-1702.4415714285694,4.0,23478.316071428566,10822.687357142851,False,"{""atr_mult"": 3.0, ""atr_period"": 14, ""breakout_pct"": 0.002, ""cooldown_bars"": 4, ""exit_lookback"": 12, ""max_hold_bars"": 32, ""min_swing_pct"": 0.006, ""momentum_lookback"": 48, ""news_weight"": 0.2, ""pattern"": ""tsmom_vol"", ""range_lookback"": 24, ""risk_mode"": ""strict"", ""score_threshold"": 0.3, ""side"": ""both"", ""stop_loss_pct"": 0.015, ""swing_window"": 3, ""timeframe"": ""1d"", ""vol_lookback"": 24}","{'atr_mult': 3.0, 'atr_period': 14, 'breakout_pct': 0.002, 'cooldown_bars': 4, 'exit_lookback': 12, 'max_hold_bars': 32, 'min_swing_pct': 0.006, 'momentum_lookback': 48, 'news_weight': 0.2, 'pattern': 'tsmom_vol', 'range_lookback': 24, 'risk_mode': 'strict', 'score_threshold': 0.3, 'side': 'both', 'stop_loss_pct': 0.015, 'swing_window': 3, 'timeframe': '1d', 'vol_lookback': 24}",52295.5890642857,,,,,,,
capital_safe,CJ,1d,failed_breakout|short|1d|w3|sw0.006|br0.003|lb16|sl0.015|mh32|cd4|strict,18187.27185250012,2.139679041470602,-5618.610244999973,0.41935483870967744,1.9764380177673215,31,586.6861887903264,-1699.4344599999913,4.0,6451.5746825000715,11735.697170000045,False,"{""breakout_pct"": 0.003, ""cooldown_bars"": 4, ""max_hold_bars"": 32, ""min_swing_pct"": 0.006, ""news_weight"": 0.2, ""pattern"": ""failed_breakout"", ""range_lookback"": 16, ""risk_mode"": ""strict"", ""side"": ""short"", ""stop_loss_pct"": 0.015, ""swing_window"": 3, ""timeframe"": ""1d""}","{'breakout_pct': 0.003, 'cooldown_bars': 4, 'max_hold_bars': 32, 'min_swing_pct': 0.006, 'news_weight': 0.2, 'pattern': 'failed_breakout', 'range_lookback': 16, 'risk_mode': 'strict', 'side': 'short', 'stop_loss_pct': 0.015, 'swing_window': 3, 'timeframe': '1d'}",37388.82015078245,,,,,,,
capital_safe,UR,30m,tsmom_vol|both|30m|w3|sw0.006|br0.002|lb24|sl0.015|mh48|cd4|atr10|am2.5|ex12|mom24|vol24|th0.4|strict,6463.107,0.7603655294117647,-2617.3740000000053,0.45652173913043476,2.2297093468445004,46,140.50232608695651,-558.6825,7.0,205.5075000000004,6177.599499999999,False,"{""atr_mult"": 2.5, ""atr_period"": 10, ""breakout_pct"": 0.002, ""cooldown_bars"": 4, ""exit_lookback"": 12, ""max_hold_bars"": 48, ""min_swing_pct"": 0.006, ""momentum_lookback"": 24, ""news_weight"": 0.2, ""pattern"": ""tsmom_vol"", ""range_lookback"": 24, ""risk_mode"": ""strict"", ""score_threshold"": 0.4, ""side"": ""both"", ""stop_loss_pct"": 0.015, ""swing_window"": 3, ""timeframe"": ""30m"", ""vol_lookback"": 24}","{'atr_mult': 2.5, 'atr_period': 10, 'breakout_pct': 0.002, 'cooldown_bars': 4, 'exit_lookback': 12, 'max_hold_bars': 48, 'min_swing_pct': 0.006, 'momentum_lookback': 24, 'news_weight': 0.2, 'pattern': 'tsmom_vol', 'range_lookback': 24, 'risk_mode': 'strict', 'score_threshold': 0.4, 'side': 'both', 'stop_loss_pct': 0.015, 'swing_window': 3, 'timeframe': '30m', 'vol_lookback': 24}",18693.860132608694,,,,,,,
capital_safe,FG,1d,failed_breakout|short|1d|w3|sw0.006|br0.0015|lb16|sl0.015|mh32|cd4|aggressive,27719.012819999876,3.2610603317646913,-6669.094453000025,0.2803738317757009,1.7196330626071608,107,259.0561945794381,-2843.2360530000033,11.0,15932.353151999912,11786.659667999958,False,"{""breakout_pct"": 0.0015, ""cooldown_bars"": 4, ""max_hold_bars"": 32, ""min_swing_pct"": 0.006, ""news_weight"": 0.2, ""pattern"": ""failed_breakout"", ""range_lookback"": 16, ""risk_mode"": ""aggressive"", ""side"": ""short"", ""stop_loss_pct"": 0.015, ""swing_window"": 3, ""timeframe"": ""1d""}","{'breakout_pct': 0.0015, 'cooldown_bars': 4, 'max_hold_bars': 32, 'min_swing_pct': 0.006, 'news_weight': 0.2, 'pattern': 'failed_breakout', 'range_lookback': 16, 'risk_mode': 'aggressive', 'side': 'short', 'stop_loss_pct': 0.015, 'swing_window': 3, 'timeframe': '1d'}",45447.996833543264,,,,,,,
capital_safe,C,1d,trend_failure|both|1d|w3|sw0.004|br0.003|lb24|sl0.015|mh32|cd4|aggressive,22435.994354000093,2.6395287475294227,-5058.712285999987,0.34415584415584416,1.7536885809100107,154,145.68827502597463,-437.4385350000015,15.0,8290.946544000066,14186.96281000003,False,"{""breakout_pct"": 0.003, ""cooldown_bars"": 4, ""max_hold_bars"": 32, ""min_swing_pct"": 0.004, ""news_weight"": 0.2, ""pattern"": ""trend_failure"", ""range_lookback"": 24, ""risk_mode"": ""aggressive"", ""side"": ""both"", ""stop_loss_pct"": 0.015, ""swing_window"": 3, ""timeframe"": ""1d""}","{'breakout_pct': 0.003, 'cooldown_bars': 4, 'max_hold_bars': 32, 'min_swing_pct': 0.004, 'news_weight': 0.2, 'pattern': 'trend_failure', 'range_lookback': 24, 'risk_mode': 'aggressive', 'side': 'both', 'stop_loss_pct': 0.015, 'swing_window': 3, 'timeframe': '1d'}",44871.21394422482,,,,,,,
capital_safe,RB,1d,trend_failure|short|1d|w2|sw0.008|br0.003|lb24|sl0.015|mh32|cd4|strict,45192.113805000125,5.316719271176486,-7755.477569999974,0.37681159420289856,2.869642933947766,69,654.9581710869584,-731.7006849999949,6.0,41394.008510000065,3798.1052950000735,False,"{""breakout_pct"": 0.003, ""cooldown_bars"": 4, ""max_hold_bars"": 32, ""min_swing_pct"": 0.008, ""news_weight"": 0.2, ""pattern"": ""trend_failure"", ""range_lookback"": 24, ""risk_mode"": ""strict"", ""side"": ""short"", ""stop_loss_pct"": 0.015, ""swing_window"": 2, ""timeframe"": ""1d""}","{'breakout_pct': 0.003, 'cooldown_bars': 4, 'max_hold_bars': 32, 'min_swing_pct': 0.008, 'news_weight': 0.2, 'pattern': 'trend_failure', 'range_lookback': 24, 'risk_mode': 'strict', 'side': 'short', 'stop_loss_pct': 0.015, 'swing_window': 2, 'timeframe': '1d'}",51377.753148724885,,,,,,,
capital_safe,RM,1d,failed_breakout|long|1d|w3|sw0.006|br0.003|lb16|sl0.015|mh64|cd4|aggressive,13960.163792999994,1.6423722109411758,-4581.2282630000045,0.32894736842105265,1.5484364119586678,76,183.68636569736836,-1358.0865389999979,7.0,11871.850977,3431.766094999993,False,"{""breakout_pct"": 0.003, ""cooldown_bars"": 4, ""max_hold_bars"": 64, ""min_swing_pct"": 0.006, ""news_weight"": 0.2, ""pattern"": ""failed_breakout"", ""range_lookback"": 16, ""risk_mode"": ""aggressive"", ""side"": ""long"", ""stop_loss_pct"": 0.015, ""swing_window"": 3, ""timeframe"": ""1d""}","{'breakout_pct': 0.003, 'cooldown_bars': 4, 'max_hold_bars': 64, 'min_swing_pct': 0.006, 'news_weight': 0.2, 'pattern': 'failed_breakout', 'range_lookback': 16, 'risk_mode': 'aggressive', 'side': 'long', 'stop_loss_pct': 0.015, 'swing_window': 3, 'timeframe': '1d'}",20300.43567502893,,,,,,,
capital_safe,HC,1d,tsmom_vol|both|1d|w3|sw0.006|br0.002|lb24|sl0.015|mh64|cd4|atr14|am2|ex12|mom24|vol24|th0.4|strict,39134.984000000004,4.604115764705883,-5628.106714285714,0.45901639344262296,2.1527074381923534,122,320.7785573770492,-1699.586857142856,5.0,30724.49042857142,9012.205714285703,False,"{""atr_mult"": 2.0, ""atr_period"": 14, ""breakout_pct"": 0.002, ""cooldown_bars"": 4, ""exit_lookback"": 12, ""max_hold_bars"": 64, ""min_swing_pct"": 0.006, ""momentum_lookback"": 24, ""news_weight"": 0.2, ""pattern"": ""tsmom_vol"", ""range_lookback"": 24, ""risk_mode"": ""strict"", ""score_threshold"": 0.4, ""side"": ""both"", ""stop_loss_pct"": 0.015, ""swing_window"": 3, ""timeframe"": ""1d"", ""vol_lookback"": 24}","{'atr_mult': 2.0, 'atr_period': 14, 'breakout_pct': 0.002, 'cooldown_bars': 4, 'exit_lookback': 12, 'max_hold_bars': 64, 'min_swing_pct': 0.006, 'momentum_lookback': 24, 'news_weight': 0.2, 'pattern': 'tsmom_vol', 'range_lookback': 24, 'risk_mode': 'strict', 'score_threshold': 0.4, 'side': 'both', 'stop_loss_pct': 0.015, 'swing_window': 3, 'timeframe': '1d', 'vol_lookback': 24}",54585.09456569085,,,,,,,
capital_safe,SA,1d,failed_breakout|long|1d|w3|sw0.006|br0.0015|lb32|sl0.015|mh32|cd4|aggressive,27284.11802200005,3.209896237882359,-8461.11377099999,0.25,2.122000173648724,44,620.093591409092,-2574.5850069999947,6.0,14852.379937000043,13612.334778000004,False,"{""breakout_pct"": 0.0015, ""cooldown_bars"": 4, ""max_hold_bars"": 32, ""min_swing_pct"": 0.006, ""news_weight"": 0.2, ""pattern"": ""failed_breakout"", ""range_lookback"": 32, ""risk_mode"": ""aggressive"", ""side"": ""long"", ""stop_loss_pct"": 0.015, ""swing_window"": 3, ""timeframe"": ""1d""}","{'breakout_pct': 0.0015, 'cooldown_bars': 4, 'max_hold_bars': 32, 'min_swing_pct': 0.006, 'news_weight': 0.2, 'pattern': 'failed_breakout', 'range_lookback': 32, 'risk_mode': 'aggressive', 'side': 'long', 'stop_loss_pct': 0.015, 'swing_window': 3, 'timeframe': '1d'}",46866.23036915006,,,,,,,
capital_safe,CS,1d,failed_breakout|both|1d|w3|sw0.006|br0.003|lb16|sl0.015|mh32|cd4|strict,15706.950093000072,1.8478764815294202,-3421.405030999982,0.3448275862068966,1.7374977332724857,87,180.53965624138013,-878.1055049999989,7.0,14251.836300000054,18.016793000020954,False,"{""breakout_pct"": 0.003, ""cooldown_bars"": 4, ""max_hold_bars"": 32, ""min_swing_pct"": 0.006, ""news_weight"": 0.2, ""pattern"": ""failed_breakout"", ""range_lookback"": 16, ""risk_mode"": ""strict"", ""side"": ""both"", ""stop_loss_pct"": 0.015, ""swing_window"": 3, ""timeframe"": ""1d""}","{'breakout_pct': 0.003, 'cooldown_bars': 4, 'max_hold_bars': 32, 'min_swing_pct': 0.006, 'news_weight': 0.2, 'pattern': 'failed_breakout', 'range_lookback': 16, 'risk_mode': 'strict', 'side': 'both', 'stop_loss_pct': 0.015, 'swing_window': 3, 'timeframe': '1d'}",17467.518004408732,,,,,,,
safe_winrate,SP,1d,carry_tsmom|both|1d|w3|sw0.006|br0.002|lb24|sl0.015|mh32|cd4|atr14|am2|ex12|mom48|vol48|th0.8|aggressive,1865.1122857142989,0.21942497478991752,-7744.309999999987,0.5714285714285714,1.1675560054476115,21,88.81487074829995,-2463.723142857139,5.0,-1256.4902857142715,3121.6025714285706,False,"{""atr_mult"": 2.0, ""atr_period"": 14, ""breakout_pct"": 0.002, ""cooldown_bars"": 4, ""exit_lookback"": 12, ""max_hold_bars"": 32, ""min_swing_pct"": 0.006, ""momentum_lookback"": 48, ""news_weight"": 0.2, ""pattern"": ""carry_tsmom"", ""range_lookback"": 24, ""risk_mode"": ""aggressive"", ""score_threshold"": 0.8, ""side"": ""both"", ""stop_loss_pct"": 0.015, ""swing_window"": 3, ""timeframe"": ""1d"", ""vol_lookback"": 48}","{'atr_mult': 2.0, 'atr_period': 14, 'breakout_pct': 0.002, 'cooldown_bars': 4, 'exit_lookback': 12, 'max_hold_bars': 32, 'min_swing_pct': 0.006, 'momentum_lookback': 48, 'news_weight': 0.2, 'pattern': 'carry_tsmom', 'range_lookback': 24, 'risk_mode': 'aggressive', 'score_threshold': 0.8, 'side': 'both', 'stop_loss_pct': 0.015, 'swing_window': 3, 'timeframe': '1d', 'vol_lookback': 48}",8694.150500000014,,,,,,,
safe_winrate,SR,1d,tsmom_vol|both|1d|w3|sw0.006|br0.002|lb24|sl0.015|mh64|cd4|atr10|am3.5|ex12|mom24|vol48|th1|strict,25542.298900000005,3.004976341176471,-7580.170450000005,0.5652173913043478,3.2903073836392625,23,1110.534734782609,-1656.9259000000036,3.0,16125.426800000001,9416.8721,False,"{""atr_mult"": 3.5, ""atr_period"": 10, ""breakout_pct"": 0.002, ""cooldown_bars"": 4, ""exit_lookback"": 12, ""max_hold_bars"": 64, ""min_swing_pct"": 0.006, ""momentum_lookback"": 24, ""news_weight"": 0.2, ""pattern"": ""tsmom_vol"", ""range_lookback"": 24, ""risk_mode"": ""strict"", ""score_threshold"": 1.0, ""side"": ""both"", ""stop_loss_pct"": 0.015, ""swing_window"": 3, ""timeframe"": ""1d"", ""vol_lookback"": 48}","{'atr_mult': 3.5, 'atr_period': 10, 'breakout_pct': 0.002, 'cooldown_bars': 4, 'exit_lookback': 12, 'max_hold_bars': 64, 'min_swing_pct': 0.006, 'momentum_lookback': 24, 'news_weight': 0.2, 'pattern': 'tsmom_vol', 'range_lookback': 24, 'risk_mode': 'strict', 'score_threshold': 1.0, 'side': 'both', 'stop_loss_pct': 0.015, 'swing_window': 3, 'timeframe': '1d', 'vol_lookback': 48}",41818.895218586964,,,,,,,
safe_winrate,CJ,15m,trend_failure|both|15m|w3|sw0.004|br0.003|lb24|sl0.015|mh32|cd4|signal,4185.247532500011,0.4923820626470602,-2556.9362124999934,0.65,2.427844416436799,20,209.26237662500057,-667.148754999992,3.0,2258.257532500012,2076.975,False,"{""breakout_pct"": 0.003, ""cooldown_bars"": 4, ""max_hold_bars"": 32, ""min_swing_pct"": 0.004, ""news_weight"": 0.2, ""pattern"": ""trend_failure"", ""range_lookback"": 24, ""risk_mode"": ""signal"", ""side"": ""both"", ""stop_loss_pct"": 0.015, ""swing_window"": 3, ""timeframe"": ""15m""}","{'breakout_pct': 0.003, 'cooldown_bars': 4, 'max_hold_bars': 32, 'min_swing_pct': 0.004, 'news_weight': 0.2, 'pattern': 'trend_failure', 'range_lookback': 24, 'risk_mode': 'signal', 'side': 'both', 'stop_loss_pct': 0.015, 'swing_window': 3, 'timeframe': '15m'}",11930.782358125012,,,,,,,
safe_winrate,UR,15m,breakout|both|15m|w3|sw0.006|br0.0015|lb16|sl0.015|mh32|cd4|strict,6069.304830000001,0.7140358623529413,-1888.133170000001,0.6363636363636364,2.862810967266365,22,275.8774922727273,-590.1193599999988,2.0,2918.656830000001,2434.4139999999998,False,"{""breakout_pct"": 0.0015, ""cooldown_bars"": 4, ""max_hold_bars"": 32, ""min_swing_pct"": 0.006, ""news_weight"": 0.2, ""pattern"": ""breakout"", ""range_lookback"": 16, ""risk_mode"": ""strict"", ""side"": ""both"", ""stop_loss_pct"": 0.015, ""swing_window"": 3, ""timeframe"": ""15m""}","{'breakout_pct': 0.0015, 'cooldown_bars': 4, 'max_hold_bars': 32, 'min_swing_pct': 0.006, 'news_weight': 0.2, 'pattern': 'breakout', 'range_lookback': 16, 'risk_mode': 'strict', 'side': 'both', 'stop_loss_pct': 0.015, 'swing_window': 3, 'timeframe': '15m'}",14469.170129590908,,,,,,,
safe_winrate,FG,30m,tsmom_vol|both|30m|w3|sw0.006|br0.002|lb24|sl0.015|mh32|cd4|atr14|am3|ex12|mom48|vol24|th0.8|strict,2073.043571428573,0.24388747899159685,-1319.8752857142827,0.6521739130434783,1.8383405377340938,23,90.13232919254666,-475.01842857142793,2.0,1687.600714285716,301.148714285713,False,"{""atr_mult"": 3.0, ""atr_period"": 14, ""breakout_pct"": 0.002, ""cooldown_bars"": 4, ""exit_lookback"": 12, ""max_hold_bars"": 32, ""min_swing_pct"": 0.006, ""momentum_lookback"": 48, ""news_weight"": 0.2, ""pattern"": ""tsmom_vol"", ""range_lookback"": 24, ""risk_mode"": ""strict"", ""score_threshold"": 0.8, ""side"": ""both"", ""stop_loss_pct"": 0.015, ""swing_window"": 3, ""timeframe"": ""30m"", ""vol_lookback"": 24}","{'atr_mult': 3.0, 'atr_period': 14, 'breakout_pct': 0.002, 'cooldown_bars': 4, 'exit_lookback': 12, 'max_hold_bars': 32, 'min_swing_pct': 0.006, 'momentum_lookback': 48, 'news_weight': 0.2, 'pattern': 'tsmom_vol', 'range_lookback': 24, 'risk_mode': 'strict', 'score_threshold': 0.8, 'side': 'both', 'stop_loss_pct': 0.015, 'swing_window': 3, 'timeframe': '30m', 'vol_lookback': 24}",7606.288553726709,,,,,,,
safe_winrate,C,60m,breakout|both|60m|w3|sw0.006|br0.0015|lb16|sl0.015|mh32|cd4|signal,892.2575200000006,0.10497147294117654,-985.1157650000014,0.6086956521739131,1.4027071658948358,23,38.79380521739133,-355.3026949999984,2.0,496.4425200000005,605.836,False,"{""breakout_pct"": 0.0015, ""cooldown_bars"": 4, ""max_hold_bars"": 32, ""min_swing_pct"": 0.006, ""news_weight"": 0.2, ""pattern"": ""breakout"", ""range_lookback"": 16, ""risk_mode"": ""signal"", ""side"": ""both"", ""stop_loss_pct"": 0.015, ""swing_window"": 3, ""timeframe"": ""60m""}","{'breakout_pct': 0.0015, 'cooldown_bars': 4, 'max_hold_bars': 32, 'min_swing_pct': 0.006, 'news_weight': 0.2, 'pattern': 'breakout', 'range_lookback': 16, 'risk_mode': 'signal', 'side': 'both', 'stop_loss_pct': 0.015, 'swing_window': 3, 'timeframe': '60m'}",6630.134045728261,,,,,,,
safe_winrate,RB,1d,vol_breakout|both|1d|w3|sw0.006|br0.003|lb16|sl0.015|mh32|cd4|atr10|am2|ex8|mom48|vol48|th0.75|strict,19351.449199999995,2.2766410823529406,-4274.036999999997,0.6071428571428571,3.7762598807006356,28,691.1231857142856,-1177.802600000001,3.0,18540.471799999996,810.9773999999991,False,"{""atr_mult"": 2.0, ""atr_period"": 10, ""breakout_pct"": 0.003, ""cooldown_bars"": 4, ""exit_lookback"": 8, ""max_hold_bars"": 32, ""min_swing_pct"": 0.006, ""momentum_lookback"": 48, ""news_weight"": 0.2, ""pattern"": ""vol_breakout"", ""range_lookback"": 16, ""risk_mode"": ""strict"", ""score_threshold"": 0.75, ""side"": ""both"", ""stop_loss_pct"": 0.015, ""swing_window"": 3, ""timeframe"": ""1d"", ""vol_lookback"": 48}","{'atr_mult': 2.0, 'atr_period': 10, 'breakout_pct': 0.003, 'cooldown_bars': 4, 'exit_lookback': 8, 'max_hold_bars': 32, 'min_swing_pct': 0.006, 'momentum_lookback': 48, 'news_weight': 0.2, 'pattern': 'vol_breakout', 'range_lookback': 16, 'risk_mode': 'strict', 'score_threshold': 0.75, 'side': 'both', 'stop_loss_pct': 0.015, 'swing_window': 3, 'timeframe': '1d', 'vol_lookback': 48}",24232.71663571428,,,,,,,
safe_winrate,RM,30m,donchian_atr|both|30m|w3|sw0.006|br0.0015|lb16|sl0.015|mh24|cd4|atr20|am3.5|ex16|mom48|vol48|th0.4|signal,3943.6044499999957,0.46395346470588184,-1266.8590750000021,0.75,2.9981633952241693,24,164.31685208333315,-871.7830750000019,2.0,3206.644224999993,596.9742250000028,False,"{""atr_mult"": 3.5, ""atr_period"": 20, ""breakout_pct"": 0.0015, ""cooldown_bars"": 4, ""exit_lookback"": 16, ""max_hold_bars"": 24, ""min_swing_pct"": 0.006, ""momentum_lookback"": 48, ""news_weight"": 0.2, ""pattern"": ""donchian_atr"", ""range_lookback"": 16, ""risk_mode"": ""signal"", ""score_threshold"": 0.4, ""side"": ""both"", ""stop_loss_pct"": 0.015, ""swing_window"": 3, ""timeframe"": ""30m"", ""vol_lookback"": 48}","{'atr_mult': 3.5, 'atr_period': 20, 'breakout_pct': 0.0015, 'cooldown_bars': 4, 'exit_lookback': 16, 'max_hold_bars': 24, 'min_swing_pct': 0.006, 'momentum_lookback': 48, 'news_weight': 0.2, 'pattern': 'donchian_atr', 'range_lookback': 16, 'risk_mode': 'signal', 'score_threshold': 0.4, 'side': 'both', 'stop_loss_pct': 0.015, 'swing_window': 3, 'timeframe': '30m', 'vol_lookback': 48}",10770.665111249999,,,,,,,
safe_winrate,HC,1d,donchian_atr|both|1d|w3|sw0.006|br0.001|lb24|sl0.015|mh24|cd4|atr10|am3.5|ex24|mom48|vol48|th0.4|strict,22497.71745,2.646790288235294,-3444.3385000000017,0.7307692307692307,4.549425863137953,26,865.296825,-1311.38125,1.0,13967.043149999998,8530.6743,False,"{""atr_mult"": 3.5, ""atr_period"": 10, ""breakout_pct"": 0.001, ""cooldown_bars"": 4, ""exit_lookback"": 24, ""max_hold_bars"": 24, ""min_swing_pct"": 0.006, ""momentum_lookback"": 48, ""news_weight"": 0.2, ""pattern"": ""donchian_atr"", ""range_lookback"": 24, ""risk_mode"": ""strict"", ""score_threshold"": 0.4, ""side"": ""both"", ""stop_loss_pct"": 0.015, ""swing_window"": 3, ""timeframe"": ""1d"", ""vol_lookback"": 48}","{'atr_mult': 3.5, 'atr_period': 10, 'breakout_pct': 0.001, 'cooldown_bars': 4, 'exit_lookback': 24, 'max_hold_bars': 24, 'min_swing_pct': 0.006, 'momentum_lookback': 48, 'news_weight': 0.2, 'pattern': 'donchian_atr', 'range_lookback': 24, 'risk_mode': 'strict', 'score_threshold': 0.4, 'side': 'both', 'stop_loss_pct': 0.015, 'swing_window': 3, 'timeframe': '1d', 'vol_lookback': 48}",40299.748886538466,,,,,,,
safe_winrate,SA,60m,donchian_atr|both|60m|w3|sw0.006|br0.0015|lb16|sl0.015|mh64|cd4|atr10|am2.5|ex8|mom48|vol48|th0.4|strict,5161.9225,0.607285,-1489.8140000000003,0.7272727272727273,3.6407410249523586,22,234.6328409090909,-782.432,1.0,3333.802,2930.5845,False,"{""atr_mult"": 2.5, ""atr_period"": 10, ""breakout_pct"": 0.0015, ""cooldown_bars"": 4, ""exit_lookback"": 8, ""max_hold_bars"": 64, ""min_swing_pct"": 0.006, ""momentum_lookback"": 48, ""news_weight"": 0.2, ""pattern"": ""donchian_atr"", ""range_lookback"": 16, ""risk_mode"": ""strict"", ""score_threshold"": 0.4, ""side"": ""both"", ""stop_loss_pct"": 0.015, ""swing_window"": 3, ""timeframe"": ""60m"", ""vol_lookback"": 48}","{'atr_mult': 2.5, 'atr_period': 10, 'breakout_pct': 0.0015, 'cooldown_bars': 4, 'exit_lookback': 8, 'max_hold_bars': 64, 'min_swing_pct': 0.006, 'momentum_lookback': 48, 'news_weight': 0.2, 'pattern': 'donchian_atr', 'range_lookback': 16, 'risk_mode': 'strict', 'score_threshold': 0.4, 'side': 'both', 'stop_loss_pct': 0.015, 'swing_window': 3, 'timeframe': '60m', 'vol_lookback': 48}",15218.182531818182,,,,,,,
safe_winrate,CS,30m,tsmom_vol|both|30m|w3|sw0.006|br0.002|lb24|sl0.015|mh32|cd4|atr14|am3.5|ex12|mom48|vol24|th1|strict,1306.1090000000002,0.1536598823529412,-1226.4982500000024,0.65,1.8771966704232086,20,65.30545000000001,-477.7685,2.0,327.00374999999997,259.08525,False,"{""atr_mult"": 3.5, ""atr_period"": 14, ""breakout_pct"": 0.002, ""cooldown_bars"": 4, ""exit_lookback"": 12, ""max_hold_bars"": 32, ""min_swing_pct"": 0.006, ""momentum_lookback"": 48, ""news_weight"": 0.2, ""pattern"": ""tsmom_vol"", ""range_lookback"": 24, ""risk_mode"": ""strict"", ""score_threshold"": 1.0, ""side"": ""both"", ""stop_loss_pct"": 0.015, ""swing_window"": 3, ""timeframe"": ""30m"", ""vol_lookback"": 24}","{'atr_mult': 3.5, 'atr_period': 14, 'breakout_pct': 0.002, 'cooldown_bars': 4, 'exit_lookback': 12, 'max_hold_bars': 32, 'min_swing_pct': 0.006, 'momentum_lookback': 48, 'news_weight': 0.2, 'pattern': 'tsmom_vol', 'range_lookback': 24, 'risk_mode': 'strict', 'score_threshold': 1.0, 'side': 'both', 'stop_loss_pct': 0.015, 'swing_window': 3, 'timeframe': '30m', 'vol_lookback': 24}",6790.4624875,,,,,,,
refined_robust,HC,1d,donchian_atr|both|1d|w3|sw0.006|br0.001|lb24|sl0.015|mh24|cd4|atr14|am3.2|ex24|mom48|vol48|th0.4|strict,24986.85051428571,,-3500.476342857144,0.6896551724137931,3.853277088821631,29,,,,,8991.679857142854,False,"{""atr_mult"": 3.2, ""atr_period"": 14, ""breakout_pct"": 0.001, ""cooldown_bars"": 4, ""exit_lookback"": 24, ""max_hold_bars"": 24, ""min_swing_pct"": 0.006, ""momentum_lookback"": 48, ""news_weight"": 0.2, ""pattern"": ""donchian_atr"", ""range_lookback"": 24, ""risk_mode"": ""strict"", ""score_threshold"": 0.4, ""side"": ""both"", ""stop_loss_pct"": 0.015, ""swing_window"": 3, ""timeframe"": ""1d"", ""vol_lookback"": 48}","{'atr_mult': 3.2, 'atr_period': 14, 'breakout_pct': 0.001, 'cooldown_bars': 4, 'exit_lookback': 24, 'max_hold_bars': 24, 'min_swing_pct': 0.006, 'momentum_lookback': 48, 'news_weight': 0.2, 'pattern': 'donchian_atr', 'range_lookback': 24, 'risk_mode': 'strict', 'score_threshold': 0.4, 'side': 'both', 'stop_loss_pct': 0.015, 'swing_window': 3, 'timeframe': '1d', 'vol_lookback': 48}",,donchian_atr,4.0,4.0,1.0,3804.340085714285,5722.591628571427,58352.09820557039
refined_robust,C,1d,tsmom_vol|both|1d|w3|sw0.006|br0.002|lb24|sl0.015|mh64|cd4|atr20|am3|ex12|mom64|vol48|th0.4|strict,13972.047049999994,,-7807.244999999992,0.4583333333333333,1.4054044605229974,168,,,,,12479.166699999994,False,"{""atr_mult"": 3.0, ""atr_period"": 20, ""breakout_pct"": 0.002, ""cooldown_bars"": 4, ""exit_lookback"": 12, ""max_hold_bars"": 64, ""min_swing_pct"": 0.006, ""momentum_lookback"": 64, ""news_weight"": 0.2, ""pattern"": ""tsmom_vol"", ""range_lookback"": 24, ""risk_mode"": ""strict"", ""score_threshold"": 0.4, ""side"": ""both"", ""stop_loss_pct"": 0.015, ""swing_window"": 3, ""timeframe"": ""1d"", ""vol_lookback"": 48}","{'atr_mult': 3.0, 'atr_period': 20, 'breakout_pct': 0.002, 'cooldown_bars': 4, 'exit_lookback': 12, 'max_hold_bars': 64, 'min_swing_pct': 0.006, 'momentum_lookback': 64, 'news_weight': 0.2, 'pattern': 'tsmom_vol', 'range_lookback': 24, 'risk_mode': 'strict', 'score_threshold': 0.4, 'side': 'both', 'stop_loss_pct': 0.015, 'swing_window': 3, 'timeframe': '1d', 'vol_lookback': 48}",,tsmom_vol,4.0,4.0,1.0,622.0652499999937,4626.4417374999975,52217.90799218966
refined_robust,SP,1d,donchian_atr|both|1d|w3|sw0.006|br0.0015|lb16|sl0.015|mh48|cd4|atr10|am2|ex16|mom48|vol48|th0.4|strict,26110.76320000002,,-4580.133199999989,0.4347826086956521,3.2853923670301186,23,,,,,7663.768000000007,False,"{""atr_mult"": 2.0, ""atr_period"": 10, ""breakout_pct"": 0.0015, ""cooldown_bars"": 4, ""exit_lookback"": 16, ""max_hold_bars"": 48, ""min_swing_pct"": 0.006, ""momentum_lookback"": 48, ""news_weight"": 0.2, ""pattern"": ""donchian_atr"", ""range_lookback"": 16, ""risk_mode"": ""strict"", ""score_threshold"": 0.4, ""side"": ""both"", ""stop_loss_pct"": 0.015, ""swing_window"": 3, ""timeframe"": ""1d"", ""vol_lookback"": 48}","{'atr_mult': 2.0, 'atr_period': 10, 'breakout_pct': 0.0015, 'cooldown_bars': 4, 'exit_lookback': 16, 'max_hold_bars': 48, 'min_swing_pct': 0.006, 'momentum_lookback': 48, 'news_weight': 0.2, 'pattern': 'donchian_atr', 'range_lookback': 16, 'risk_mode': 'strict', 'score_threshold': 0.4, 'side': 'both', 'stop_loss_pct': 0.015, 'swing_window': 3, 'timeframe': '1d', 'vol_lookback': 48}",,donchian_atr,4.0,4.0,1.0,1048.119600000009,6694.839400000004,49173.185834856245
refined_robust,SR,1d,tsmom_vol|both|1d|w3|sw0.006|br0.002|lb24|sl0.015|mh64|cd4|atr10|am3.5|ex12|mom24|vol48|th1|strict,25542.298900000005,,-7580.170450000005,0.5652173913043478,3.2903073836392625,23,,,,,9416.8721,False,"{""atr_mult"": 3.5, ""atr_period"": 10, ""breakout_pct"": 0.002, ""cooldown_bars"": 4, ""exit_lookback"": 12, ""max_hold_bars"": 64, ""min_swing_pct"": 0.006, ""momentum_lookback"": 24, ""news_weight"": 0.2, ""pattern"": ""tsmom_vol"", ""range_lookback"": 24, ""risk_mode"": ""strict"", ""score_threshold"": 1.0, ""side"": ""both"", ""stop_loss_pct"": 0.015, ""swing_window"": 3, ""timeframe"": ""1d"", ""vol_lookback"": 48}","{'atr_mult': 3.5, 'atr_period': 10, 'breakout_pct': 0.002, 'cooldown_bars': 4, 'exit_lookback': 12, 'max_hold_bars': 64, 'min_swing_pct': 0.006, 'momentum_lookback': 24, 'news_weight': 0.2, 'pattern': 'tsmom_vol', 'range_lookback': 24, 'risk_mode': 'strict', 'score_threshold': 1.0, 'side': 'both', 'stop_loss_pct': 0.015, 'swing_window': 3, 'timeframe': '1d', 'vol_lookback': 48}",,tsmom_vol,4.0,3.0,0.75,-1226.879,6385.574725000001,45917.34991581317
refined_robust,SA,60m,donchian_atr|both|60m|w3|sw0.006|br0.0015|lb16|sl0.015|mh64|cd4|atr10|am2.5|ex8|mom48|vol48|th0.4|strict,5161.9225,,-1489.8140000000003,0.7272727272727273,3.640741024952359,22,,,,,2930.5845,False,"{""atr_mult"": 2.5, ""atr_period"": 10, ""breakout_pct"": 0.0015, ""cooldown_bars"": 4, ""exit_lookback"": 8, ""max_hold_bars"": 64, ""min_swing_pct"": 0.006, ""momentum_lookback"": 48, ""news_weight"": 0.2, ""pattern"": ""donchian_atr"", ""range_lookback"": 16, ""risk_mode"": ""strict"", ""score_threshold"": 0.4, ""side"": ""both"", ""stop_loss_pct"": 0.015, ""swing_window"": 3, ""timeframe"": ""60m"", ""vol_lookback"": 48}","{'atr_mult': 2.5, 'atr_period': 10, 'breakout_pct': 0.0015, 'cooldown_bars': 4, 'exit_lookback': 8, 'max_hold_bars': 64, 'min_swing_pct': 0.006, 'momentum_lookback': 48, 'news_weight': 0.2, 'pattern': 'donchian_atr', 'range_lookback': 16, 'risk_mode': 'strict', 'score_threshold': 0.4, 'side': 'both', 'stop_loss_pct': 0.015, 'swing_window': 3, 'timeframe': '60m', 'vol_lookback': 48}",,donchian_atr,4.0,4.0,1.0,985.842,1131.15925,40091.63858858872
refined_robust,UR,30m,tsmom_vol|both|30m|w3|sw0.006|br0.002|lb24|sl0.015|mh48|cd4|atr14|am3.5|ex12|mom24|vol24|th0.3|strict,6598.795,,-2285.4915,0.4772727272727273,2.3995920080580317,44,,,,,4570.475,False,"{""atr_mult"": 3.5, ""atr_period"": 14, ""breakout_pct"": 0.002, ""cooldown_bars"": 4, ""exit_lookback"": 12, ""max_hold_bars"": 48, ""min_swing_pct"": 0.006, ""momentum_lookback"": 24, ""news_weight"": 0.2, ""pattern"": ""tsmom_vol"", ""range_lookback"": 24, ""risk_mode"": ""strict"", ""score_threshold"": 0.3, ""side"": ""both"", ""stop_loss_pct"": 0.015, ""swing_window"": 3, ""timeframe"": ""30m"", ""vol_lookback"": 24}","{'atr_mult': 3.5, 'atr_period': 14, 'breakout_pct': 0.002, 'cooldown_bars': 4, 'exit_lookback': 12, 'max_hold_bars': 48, 'min_swing_pct': 0.006, 'momentum_lookback': 24, 'news_weight': 0.2, 'pattern': 'tsmom_vol', 'range_lookback': 24, 'risk_mode': 'strict', 'score_threshold': 0.3, 'side': 'both', 'stop_loss_pct': 0.015, 'swing_window': 3, 'timeframe': '30m', 'vol_lookback': 24}",,tsmom_vol,4.0,4.0,1.0,315.3615,1275.62925,38176.46457169439
refined_robust,RM,30m,donchian_atr|both|30m|w3|sw0.006|br0.0015|lb16|sl0.015|mh24|cd4|atr20|am3.5|ex16|mom48|vol48|th0.4|signal,3943.604449999996,,-1266.859075000002,0.75,2.9981633952241693,24,,,,,596.9742250000028,False,"{""atr_mult"": 3.5, ""atr_period"": 20, ""breakout_pct"": 0.0015, ""cooldown_bars"": 4, ""exit_lookback"": 16, ""max_hold_bars"": 24, ""min_swing_pct"": 0.006, ""momentum_lookback"": 48, ""news_weight"": 0.2, ""pattern"": ""donchian_atr"", ""range_lookback"": 16, ""risk_mode"": ""signal"", ""score_threshold"": 0.4, ""side"": ""both"", ""stop_loss_pct"": 0.015, ""swing_window"": 3, ""timeframe"": ""30m"", ""vol_lookback"": 48}","{'atr_mult': 3.5, 'atr_period': 20, 'breakout_pct': 0.0015, 'cooldown_bars': 4, 'exit_lookback': 16, 'max_hold_bars': 24, 'min_swing_pct': 0.006, 'momentum_lookback': 48, 'news_weight': 0.2, 'pattern': 'donchian_atr', 'range_lookback': 16, 'risk_mode': 'signal', 'score_threshold': 0.4, 'side': 'both', 'stop_loss_pct': 0.015, 'swing_window': 3, 'timeframe': '30m', 'vol_lookback': 48}",,donchian_atr,4.0,4.0,1.0,239.33122500000272,873.8252124999991,33903.449402724174
refined_robust,FG,30m,tsmom_vol|both|30m|w3|sw0.006|br0.002|lb24|sl0.015|mh24|cd4|atr14|am3.5|ex12|mom48|vol24|th0.8|strict,1493.4769999999994,,-1203.289000000001,0.4814814814814814,1.3925852683493722,27,,,,,568.3705,False,"{""atr_mult"": 3.5, ""atr_period"": 14, ""breakout_pct"": 0.002, ""cooldown_bars"": 4, ""exit_lookback"": 12, ""max_hold_bars"": 24, ""min_swing_pct"": 0.006, ""momentum_lookback"": 48, ""news_weight"": 0.2, ""pattern"": ""tsmom_vol"", ""range_lookback"": 24, ""risk_mode"": ""strict"", ""score_threshold"": 0.8, ""side"": ""both"", ""stop_loss_pct"": 0.015, ""swing_window"": 3, ""timeframe"": ""30m"", ""vol_lookback"": 24}","{'atr_mult': 3.5, 'atr_period': 14, 'breakout_pct': 0.002, 'cooldown_bars': 4, 'exit_lookback': 12, 'max_hold_bars': 24, 'min_swing_pct': 0.006, 'momentum_lookback': 48, 'news_weight': 0.2, 'pattern': 'tsmom_vol', 'range_lookback': 24, 'risk_mode': 'strict', 'score_threshold': 0.8, 'side': 'both', 'stop_loss_pct': 0.015, 'swing_window': 3, 'timeframe': '30m', 'vol_lookback': 24}",,tsmom_vol,4.0,3.0,0.75,-778.5530000000001,166.11562499999997,21584.963503534556
refined_robust,CJ,30m,tsmom_vol|both|30m|w3|sw0.006|br0.002|lb24|sl0.015|mh32|cd4|atr10|am3.5|ex12|mom24|vol48|th0.6|strict,3034.871625,,-4566.735000000005,0.4054054054054054,1.3338083887946617,37,,,,,4502.555375,False,"{""atr_mult"": 3.5, ""atr_period"": 10, ""breakout_pct"": 0.002, ""cooldown_bars"": 4, ""exit_lookback"": 12, ""max_hold_bars"": 32, ""min_swing_pct"": 0.006, ""momentum_lookback"": 24, ""news_weight"": 0.2, ""pattern"": ""tsmom_vol"", ""range_lookback"": 24, ""risk_mode"": ""strict"", ""score_threshold"": 0.6, ""side"": ""both"", ""stop_loss_pct"": 0.015, ""swing_window"": 3, ""timeframe"": ""30m"", ""vol_lookback"": 48}","{'atr_mult': 3.5, 'atr_period': 10, 'breakout_pct': 0.002, 'cooldown_bars': 4, 'exit_lookback': 12, 'max_hold_bars': 32, 'min_swing_pct': 0.006, 'momentum_lookback': 24, 'news_weight': 0.2, 'pattern': 'tsmom_vol', 'range_lookback': 24, 'risk_mode': 'strict', 'score_threshold': 0.6, 'side': 'both', 'stop_loss_pct': 0.015, 'swing_window': 3, 'timeframe': '30m', 'vol_lookback': 48}",,tsmom_vol,4.0,3.0,0.75,-1620.283,661.1505,25232.043705686545
refined_robust,RB,1d,tsmom_vol|both|1d|w3|sw0.006|br0.002|lb24|sl0.015|mh64|cd4|atr10|am2.5|ex12|mom24|vol24|th0.4|strict,50342.896250000005,,-9326.141000000003,0.4225352112676056,1.9920073273083625,142,,,,,553.5699999999995,False,"{""atr_mult"": 2.5, ""atr_period"": 10, ""breakout_pct"": 0.002, ""cooldown_bars"": 4, ""exit_lookback"": 12, ""max_hold_bars"": 64, ""min_swing_pct"": 0.006, ""momentum_lookback"": 24, ""news_weight"": 0.2, ""pattern"": ""tsmom_vol"", ""range_lookback"": 24, ""risk_mode"": ""strict"", ""score_threshold"": 0.4, ""side"": ""both"", ""stop_loss_pct"": 0.015, ""swing_window"": 3, ""timeframe"": ""1d"", ""vol_lookback"": 24}","{'atr_mult': 2.5, 'atr_period': 10, 'breakout_pct': 0.002, 'cooldown_bars': 4, 'exit_lookback': 12, 'max_hold_bars': 64, 'min_swing_pct': 0.006, 'momentum_lookback': 24, 'news_weight': 0.2, 'pattern': 'tsmom_vol', 'range_lookback': 24, 'risk_mode': 'strict', 'score_threshold': 0.4, 'side': 'both', 'stop_loss_pct': 0.015, 'swing_window': 3, 'timeframe': '1d', 'vol_lookback': 24}",,tsmom_vol,4.0,4.0,1.0,553.5699999999995,12369.777499999998,30231.31909385765
refined_robust,CS,30m,tsmom_vol|both|30m|w3|sw0.006|br0.002|lb24|sl0.015|mh32|cd4|atr14|am3.5|ex12|mom48|vol24|th1|strict,1306.1090000000002,,-1226.4982500000024,0.65,1.8771966704232088,20,,,,,259.08525,False,"{""atr_mult"": 3.5, ""atr_period"": 14, ""breakout_pct"": 0.002, ""cooldown_bars"": 4, ""exit_lookback"": 12, ""max_hold_bars"": 32, ""min_swing_pct"": 0.006, ""momentum_lookback"": 48, ""news_weight"": 0.2, ""pattern"": ""tsmom_vol"", ""range_lookback"": 24, ""risk_mode"": ""strict"", ""score_threshold"": 1.0, ""side"": ""both"", ""stop_loss_pct"": 0.015, ""swing_window"": 3, ""timeframe"": ""30m"", ""vol_lookback"": 24}","{'atr_mult': 3.5, 'atr_period': 14, 'breakout_pct': 0.002, 'cooldown_bars': 4, 'exit_lookback': 12, 'max_hold_bars': 32, 'min_swing_pct': 0.006, 'momentum_lookback': 48, 'news_weight': 0.2, 'pattern': 'tsmom_vol', 'range_lookback': 24, 'risk_mode': 'strict', 'score_threshold': 1.0, 'side': 'both', 'stop_loss_pct': 0.015, 'swing_window': 3, 'timeframe': '30m', 'vol_lookback': 24}",,tsmom_vol,4.0,3.0,0.75,-516.0225,303.5040624999999,24470.91084542321
